	target	Source	Weight
276011	YPR199C	YPR196W	1
158002	YKL063C	YPR186C	1
271060	YPR045C	YPR186C	1
34251	YDL014W	YPR104C	1
89097	YGL030W	YPR104C	-1
183939	YLR291C	YPR104C	1
59594	YDR378C	YPR094W	1
127706	YHR191C	YPR094W	1
3757	YAR028W	YPR065W	-1
17617	YBR085W	YPR065W	-1
47515	YDR044W	YPR065W	-1
68305	YEL039C	YPR065W	1
120973	YHR048W	YPR065W	-1
149881	YJR047C	YPR065W	-1
156415	YKL008C	YPR065W	-1
213439	YMR319C	YPR065W	-1
229873	YNR044W	YPR065W	1
32664	YCR104W	YPR015C	1
69689	YEL060C	YPL202C	1
180569	YLR192C	YPL202C	1
168688	YKR093W	YPL177C	-1
12267	YBR023C	YPL089C	-1
49095	YDR078C	YPL089C	1
108495	YGR189C	YPL089C	-1
158787	YKL096W	YPL089C	-1
159183	YKL104C	YPL089C	-1
161559	YKL161C	YPL089C	-1
258578	YPL016W	YPL082C	1
1177	YAL038W	YPL075W	1
2959	YAR009C	YPL075W	-1
29095	YCR012W	YPL075W	1
47905	YDR050C	YPL075W	1
55033	YDR261W-B	YPL075W	-1
61369	YDR418W	YPL075W	1
123145	YHR092C	YPL075W	1
161161	YKL152C	YPL075W	1
174229	YLR044C	YPL075W	1
235213	YOL086C	YPL075W	1
30876	YCR052W	YPL049C	1
65525	YDR502C	YPL038W	-1
116213	YHL036W	YPL038W	-1
143537	YJL101C	YPL038W	-1
148685	YJL212C	YPL038W	-1
172049	YLL062C	YPL038W	-1
143140	YJL092W	YOR372C	1
150069	YJR048W	YOR358W	1
180957	YLR205C	YOR358W	1
271641	YPR065W	YOR358W	1
112250	YGR254W	YOR344C	1
141158	YJL052W	YOR344C	1
177391	YLR107W	YOR338W	1
51858	YDR176W	YOR304W	1
136601	YIR006C	YOR290C	1
164123	YKL198C	YOR290C	1
186497	YLR337C	YOR290C	1
136402	YIR005W	YOR258W	1
139173	YJL026W	YOR230W	1
45122	YDR011W	YOR162C	1
8293	YBL066C	YOR140W	1
41160	YDL160C	YOR113W	1
6311	YBL029W	YOR032C	1
20962	YBR169C	YOR028C	1
142534	YJL079C	YOR028C	1
196588	YML094W	YOR028C	-1
207082	YMR196W	YOR028C	1
219556	YNL146W	YOR028C	-1
236980	YOL126C	YOR028C	-1
200151	YMR032W	YOR025W	1
198962	YMR005W	YOL148C	1
141541	YJL061W	YOL145C	1
137184	YIR019C	YOL116W	-1
26501	YCL004W	YOL108C	1
70853	YEL073C	YOL108C	1
116789	YHL048C	YOL108C	1
162923	YKL182W	YOL108C	1
228659	YNR016C	YOL108C	1
266873	YPL231W	YOL108C	1
86494	YFR037C	YOL068C	1
28677	YCR005C	YOL067C	1
70455	YEL071W	YOL067C	1
144705	YJL133C	YOL067C	1
270633	YPR036W	YOL067C	1
232814	YOL029C	YOL028C	1
232615	YOL026C	YOL005C	1
251226	YOR290C	YOL004W	1
190241	YLR438W	YNL314W	1
25306	YBR261C	YNL290W	1
2535	YAL064W	YNL216W	-1
8079	YBL060W	YNL216W	-1
9663	YBL082C	YNL216W	1
12633	YBR031W	YNL216W	1
16593	YBR078W	YNL216W	1
21939	YBR189W	YNL216W	1
23721	YBR243C	YNL216W	1
30255	YCR034W	YNL216W	1
52431	YDR186C	YNL216W	-1
53619	YDR233C	YNL216W	1
67281	YEL017C	YNL216W	1
67875	YEL034W	YNL216W	1
68865	YEL046C	YNL216W	1
78765	YER120W	YNL216W	1
89061	YGL030W	YNL216W	1
92229	YGL123W	YNL216W	1
98169	YGL225W	YNL216W	1
111039	YGR240C	YNL216W	1
112227	YGR254W	YNL216W	1
112425	YGR260W	YNL216W	1
130641	YIL053W	YNL216W	1
133809	YIL133C	YNL216W	1
147075	YJL177W	YNL216W	1
154797	YJR143C	YNL216W	1
171231	YLL045C	YNL216W	1
172419	YLL064C	YNL216W	-1
174597	YLR048W	YNL216W	1
175983	YLR075W	YNL216W	1
179943	YLR180W	YNL216W	1
182517	YLR264W	YNL216W	1
187071	YLR344W	YNL216W	1
190635	YLR448W	YNL216W	1
191031	YLR461W	YNL216W	-1
197565	YML126C	YNL216W	1
201327	YMR079W	YNL216W	1
203703	YMR116C	YNL216W	1
207465	YMR205C	YNL216W	1
209049	YMR243C	YNL216W	1
225879	YNL301C	YNL216W	1
229641	YNR043W	YNL216W	1
233601	YOL039W	YNL216W	1
236571	YOL120C	YNL216W	1
260133	YPL067C	YNL216W	1
260529	YPL079W	YNL216W	1
19562	YBR145W	YNL199C	1
52232	YDR179C	YNL199C	-1
148064	YJL194W	YNL199C	1
207662	YMR206W	YNL199C	-1
48865	YDR077W	YNL167C	-1
58765	YDR368W	YNL167C	-1
111631	YGR249W	YNL167C	-1
123511	YHR096C	YNL167C	-1
168655	YKR093W	YNL167C	1
198157	YML131W	YNL167C	-1
216571	YNL093W	YNL167C	-1
238153	YOL151W	YNL167C	-1
269635	YPR005C	YNL167C	-1
354	YAL012W	YNL103W	-1
23322	YBR213W	YNL103W	-1
26094	YBR294W	YNL103W	-1
35598	YDL059C	YNL103W	-1
54012	YDR253C	YNL103W	-1
70644	YEL072W	YNL103W	-1
72624	YER042W	YNL103W	-1
77376	YER091C	YNL103W	-1
85494	YFR030W	YNL103W	-1
92424	YGL125W	YNL103W	-1
95592	YGL184C	YNL103W	-1
102324	YGR055W	YNL103W	-1
108858	YGR204W	YNL103W	-1
124104	YHR112C	YNL103W	-1
127074	YHR176W	YNL103W	-1
129846	YIL046W	YNL103W	-1
131628	YIL074C	YNL103W	-1
136974	YIR017C	YNL103W	-1
141330	YJL060W	YNL103W	-1
148854	YJR010W	YNL103W	-1
154596	YJR137C	YNL103W	-1
155586	YKL001C	YNL103W	-1
167466	YKR069W	YNL103W	-1
171822	YLL061W	YNL103W	-1
172020	YLL062C	YNL103W	-1
176772	YLR092W	YNL103W	-1
179742	YLR179C	YNL103W	-1
179940	YLR180W	YNL103W	-1
184494	YLR303W	YNL103W	-1
188058	YLR364W	YNL103W	-1
224490	YNL277W	YNL103W	-1
234588	YOL064C	YNL103W	-1
239340	YOL162W	YNL103W	-1
239538	YOL163W	YNL103W	-1
269238	YPL274W	YNL103W	-1
274584	YPR167C	YNL103W	-1
275772	YPR194C	YNL103W	-1
224093	YNL262W	YNL102W	1
3520	YAR018C	YNL068C	-1
13024	YBR038W	YNL068C	-1
50644	YDR146C	YNL068C	-1
88462	YGL021W	YNL068C	-1
104302	YGR108W	YNL068C	-1
135190	YIL158W	YNL068C	-1
140932	YJL051W	YNL068C	-1
151624	YJR092W	YNL068C	-1
178156	YLR131C	YNL068C	-1
180334	YLR190W	YNL068C	-1
194392	YML052W	YNL068C	-1
198352	YMR001C	YNL068C	-1
198550	YMR001C	YNL068C	-1
199936	YMR030W	YNL068C	-1
200134	YMR032W	YNL068C	-1
240526	YOR025W	YNL068C	-1
253000	YOR315W	YNL068C	-1
272800	YPR119W	YNL068C	-1
23913	YBR244W	YNL027W	1
109053	YGR209C	YNL027W	1
231219	YNR074C	YNL027W	1
51434	YDR171W	YNL007C	-1
78164	YER103W	YNL007C	-1
1933	YAL054C	YMR280C	-1
28861	YCR010C	YMR280C	-1
60145	YDR384C	YMR280C	-1
66679	YDR536W	YMR280C	-1
74995	YER065C	YMR280C	-1
102913	YGR067C	YMR280C	-1
152017	YJR095W	YMR280C	-1
164887	YKL217W	YMR280C	-1
169045	YKR097W	YMR280C	-1
188449	YLR377C	YMR280C	-1
217951	YNL117W	YMR280C	-1
236959	YOL126C	YMR280C	-1
243493	YOR100C	YMR280C	-1
263491	YPL156C	YMR280C	-1
10050	YBL090W	YMR228W	1
25692	YBR268W	YMR228W	1
25890	YBR282W	YMR228W	1
53808	YDR237W	YMR228W	1
143304	YJL096W	YMR228W	1
168450	YKR085C	YMR228W	1
199734	YMR024W	YMR228W	1
205080	YMR158W	YMR228W	1
233196	YOL033W	YMR228W	1
244878	YOR150W	YMR228W	1
261114	YPL097W	YMR228W	1
205277	YMR167W	YMR168C	1
202306	YMR095C	YMR094W	1
202504	YMR096W	YMR094W	1
174387	YLR047C	YMR080C	1
37568	YDL085C	YMR074C	1
167852	YKR074W	YMR074C	1
182306	YLR262C	YMR074C	1
222302	YNL222W	YMR074C	1
223886	YNL259C	YMR074C	1
47467	YDR044W	YMR070W	-1
98947	YGL255W	YMR070W	-1
149833	YJR047C	YMR070W	-1
214579	YNL037C	YMR070W	1
229825	YNR044W	YMR070W	-1
1332	YAL040C	YMR043W	1
104292	YGR108W	YMR043W	1
128844	YIL015W	YMR043W	1
161712	YKL163W	YMR043W	1
161910	YKL164C	YMR043W	1
162504	YKL178C	YMR043W	1
252990	YOR315W	YMR043W	1
234377	YOL058W	YMR042W	-1
261701	YPL111W	YMR042W	1
2122	YAL060W	YMR037C	1
19150	YBR126C	YMR037C	1
29644	YCR021C	YMR037C	1
39148	YDL124W	YMR037C	1
60334	YDR391C	YMR037C	1
62710	YDR453C	YMR037C	1
65878	YDR516C	YMR037C	1
73600	YER053C	YMR037C	1
75184	YER067W	YMR037C	1
79936	YER150W	YMR037C	1
114388	YHL021C	YMR037C	1
152602	YJR104C	YMR037C	1
179530	YLR178C	YMR037C	1
181906	YLR258W	YMR037C	1
201904	YMR090W	YMR037C	1
205468	YMR169C	YMR037C	1
205666	YMR173W	YMR037C	1
210022	YMR251W	YMR037C	1
212002	YMR291W	YMR037C	1
213190	YMR316W	YMR037C	1
216952	YNL098C	YMR037C	1
218536	YNL134C	YMR037C	1
231802	YOL016C	YMR037C	1
238732	YOL155C	YMR037C	-1
250810	YOR273C	YMR037C	1
257542	YOR385W	YMR037C	1
258334	YPL014W	YMR037C	1
181113	YLR214W	YMR021C	-1
238335	YOL152W	YMR021C	-1
272985	YPR124W	YMR021C	-1
2318	YAL061W	YMR016C	-1
14792	YBR054W	YMR016C	-1
16178	YBR072W	YMR016C	-1
20336	YBR157C	YMR016C	-1
34790	YDL048C	YMR016C	-1
48650	YDR074W	YMR016C	-1
57362	YDR342C	YMR016C	-1
63698	YDR475C	YMR016C	-1
72212	YER035W	YMR016C	-1
73796	YER054C	YMR016C	-1
79934	YER150W	YMR016C	-1
80330	YER158C	YMR016C	-1
81320	YFL014W	YMR016C	-1
94388	YGL158W	YMR016C	-1
102110	YGR052W	YMR016C	-1
103892	YGR088W	YMR016C	-1
106268	YGR138C	YMR016C	-1
111416	YGR248W	YMR016C	-1
114782	YHL028W	YMR016C	-1
125474	YHR139C	YMR016C	-1
125672	YHR140W	YMR016C	-1
133196	YIL119C	YMR016C	-1
138146	YIR038C	YMR016C	-1
152204	YJR096W	YMR016C	-1
158738	YKL096W	YMR016C	-1
179528	YLR178C	YMR016C	-1
197744	YML128C	YMR016C	-1
206852	YMR195W	YMR016C	-1
209624	YMR250W	YMR016C	-1
210020	YMR251W	YMR016C	-1
219920	YNL160W	YMR016C	-1
220910	YNL194C	YMR016C	-1
221108	YNL195C	YMR016C	-1
234968	YOL084W	YMR016C	-1
242096	YOR062C	YMR016C	-1
245660	YOR161C	YMR016C	-1
246254	YOR173W	YMR016C	-1
246650	YOR178C	YMR016C	-1
253184	YOR317W	YMR016C	-1
264668	YPL186C	YMR016C	-1
30631	YCR047C	YML113W	1
120721	YHR040W	YML113W	1
40134	YDL131W	YML099C	-1
75378	YER069W	YML099C	-1
142698	YJL088W	YML099C	-1
234372	YOL058W	YML099C	-1
237738	YOL140W	YML099C	-1
261696	YPL111W	YML099C	1
11819	YBR019C	YML051W	-1
12017	YBR020W	YML051W	-1
135569	YIL162W	YML051W	-1
176357	YLR081W	YML051W	-1
35578	YDL059C	YML027W	-1
53992	YDR253C	YML027W	-1
116164	YHL036W	YML027W	-1
136954	YIR017C	YML027W	-1
183088	YLR274W	YML027W	-1
23895	YBR244W	YML007W	1
48249	YDR055W	YML007W	-1
50229	YDR135C	YML007W	1
57951	YDR353W	YML007W	1
75177	YER067W	YML007W	-1
158139	YKL086W	YML007W	1
177543	YLR108C	YML007W	1
177741	YLR109W	YML007W	1
198135	YML131W	YML007W	1
200313	YMR038C	YML007W	1
218529	YNL134C	YML007W	1
238131	YOL151W	YML007W	1
248625	YOR226C	YML007W	1
259911	YPL061W	YML007W	1
81908	YFL022C	YLR451W	1
128240	YHR208W	YLR451W	1
149030	YJR016C	YLR451W	1
159722	YKL120W	YLR451W	1
187442	YLR355C	YLR451W	1
203480	YMR108W	YLR451W	1
250604	YOR271C	YLR451W	1
256148	YOR375C	YLR451W	1
6073	YBL027W	YLR403W	1
8647	YBL072C	YLR403W	1
9835	YBL087C	YLR403W	1
10231	YBL092W	YLR403W	1
14389	YBR048W	YLR403W	1
17161	YBR084C	YLR403W	1
17359	YBR084W	YLR403W	1
18943	YBR121C	YLR403W	1
21715	YBR181C	YLR403W	1
21913	YBR189W	YLR403W	1
22111	YBR191W	YLR403W	1
30031	YCR031C	YLR403W	1
34981	YDL051W	YLR403W	1
35773	YDL061C	YLR403W	1
36565	YDL075W	YLR403W	1
36961	YDL081C	YLR403W	1
37159	YDL082W	YLR403W	1
37357	YDL083C	YLR403W	1
39733	YDL130W	YLR403W	1
42505	YDL184C	YLR403W	1
42703	YDL191W	YLR403W	1
45277	YDR012W	YLR403W	1
45673	YDR023W	YLR403W	1
45871	YDR025W	YLR403W	1
48445	YDR064W	YLR403W	1
59929	YDR382W	YLR403W	1
61315	YDR418W	YLR403W	1
61909	YDR447C	YLR403W	1
62305	YDR450W	YLR403W	1
63493	YDR471W	YLR403W	1
65275	YDR500C	YLR403W	1
69433	YEL054C	YLR403W	1
74185	YER056C	YLR403W	1
76165	YER074W	YLR403W	1
77947	YER102W	YLR403W	1
78541	YER117W	YLR403W	1
79135	YER131W	YLR403W	1
82699	YFL034C	YLR403W	1
85669	YFR031C	YLR403W	1
86065	YFR032C	YLR403W	1
89035	YGL030W	YLR403W	1
89233	YGL031C	YLR403W	1
91015	YGL076C	YLR403W	1
91609	YGL103W	YLR403W	1
92203	YGL123W	YLR403W	1
92797	YGL135W	YLR403W	1
93589	YGL147C	YLR403W	1
96163	YGL189C	YLR403W	1
100321	YGR027C	YLR403W	1
100717	YGR034W	YLR403W	1
103489	YGR085C	YLR403W	1
104875	YGR118W	YLR403W	1
107053	YGR148C	YLR403W	1
107449	YGR173W	YLR403W	1
109627	YGR214W	YLR403W	1
113587	YHL001W	YLR403W	1
113983	YHL015W	YLR403W	1
115369	YHL033C	YLR403W	1
117547	YHR010W	YLR403W	1
118735	YHR020W	YLR403W	1
118933	YHR021C	YLR403W	1
125863	YHR141C	YLR403W	1
128041	YHR203C	YLR403W	1
129031	YIL018W	YLR403W	1
130417	YIL052C	YLR403W	1
131407	YIL069C	YLR403W	1
133783	YIL133C	YLR403W	1
134575	YIL148W	YLR403W	1
139525	YJL034W	YLR403W	1
144871	YJL136C	YLR403W	1
145267	YJL148W	YLR403W	1
147049	YJL177W	YLR403W	1
147445	YJL189W	YLR403W	1
147643	YJL190C	YLR403W	1
147841	YJL191W	YLR403W	1
151801	YJR094W	YLR403W	1
154177	YJR123W	YLR403W	1
156157	YKL006W	YLR403W	1
156553	YKL014C	YLR403W	1
162691	YKL180W	YLR403W	1
167245	YKR057W	YLR403W	1
168829	YKR094C	YLR403W	1
171205	YLL045C	YLR403W	1
172987	YLR029C	YLR403W	1
174571	YLR048W	YLR403W	1
175165	YLR061W	YLR403W	1
175957	YLR075W	YLR403W	1
178729	YLR150W	YLR403W	1
179125	YLR167W	YLR403W	1
180115	YLR185W	YLR403W	1
180709	YLR197W	YLR403W	1
182491	YLR264W	YLR403W	1
183679	YLR287C	YLR403W	1
185659	YLR325C	YLR403W	1
186055	YLR333C	YLR403W	1
186649	YLR340W	YLR403W	1
187045	YLR344W	YLR403W	1
188233	YLR367W	YLR403W	1
188827	YLR388W	YLR403W	1
189619	YLR406C	YLR403W	1
190411	YLR441C	YLR403W	1
190609	YLR448W	YLR403W	1
191797	YML022W	YLR403W	1
191995	YML024W	YLR403W	1
192391	YML026C	YLR403W	1
194965	YML063W	YLR403W	1
195559	YML073C	YLR403W	1
203677	YMR116C	YLR403W	1
204469	YMR142C	YLR403W	1
204667	YMR143W	YLR403W	1
206647	YMR194W	YLR403W	1
208033	YMR217W	YLR403W	1
208231	YMR230W	YLR403W	1
208825	YMR242C	YLR403W	1
210607	YMR260C	YLR403W	1
215755	YNL067W	YLR403W	1
215953	YNL069C	YLR403W	1
216745	YNL096C	YLR403W	1
220507	YNL178W	YLR403W	1
221893	YNL209W	YLR403W	1
223675	YNL255C	YLR403W	1
225853	YNL301C	YLR403W	1
226249	YNL302C	YLR403W	1
226645	YNL305C	YLR403W	-1
233575	YOL039W	YLR403W	1
233773	YOL040C	YLR403W	1
236545	YOL120C	YLR403W	1
236743	YOL121C	YLR403W	1
237139	YOL127W	YLR403W	1
243079	YOR095C	YLR403W	1
243277	YOR096W	YLR403W	1
243673	YOR108W	YLR403W	1
245851	YOR167C	YLR403W	1
246049	YOR168W	YLR403W	1
249019	YOR234C	YLR403W	1
250999	YOR276W	YLR403W	1
251395	YOR293W	YLR403W	1
252583	YOR312C	YLR403W	1
254167	YOR341W	YLR403W	1
255553	YOR369C	YLR403W	1
260503	YPL079W	YLR403W	1
260701	YPL081W	YLR403W	1
262483	YPL131W	YLR403W	1
262879	YPL143W	YLR403W	1
263869	YPL160W	YLR403W	1
267235	YPL249C	YLR403W	1
270799	YPR043W	YLR403W	1
271987	YPR102C	YLR403W	1
273175	YPR132W	YLR403W	1
275155	YPR187W	YLR403W	1
130020	YIL047C	YLR375W	1
110417	YGR234W	YLR256W	1
150017	YJR048W	YLR256W	1
271589	YPR065W	YLR256W	-1
88042	YGL013C	YLR247C	1
72993	YER044C	YLR228C	1
174765	YLR056W	YLR228C	-1
201891	YMR090W	YLR228C	1
210999	YMR271C	YLR228C	1
221294	YNL201C	YLR223C	1
107839	YGR180C	YLR176C	-1
131203	YIL066C	YLR176C	-1
139123	YJL026W	YLR176C	-1
194761	YML058W	YLR176C	-1
211591	YMR279C	YLR176C	-1
265447	YPL189W	YLR176C	-1
104076	YGR103W	YLR175W	1
122886	YHR089C	YLR175W	1
180702	YLR197W	YLR175W	1
252378	YOR310C	YLR175W	1
91799	YGL105W	YLR150W	1
90808	YGL071W	YLR136C	1
20517	YBR158W	YLR131C	1
35367	YDL055C	YLR131C	1
41703	YDL179W	YLR131C	1
78927	YER124C	YLR131C	1
80115	YER154W	YLR131C	1
81699	YFL021W	YLR131C	1
88827	YGL028C	YLR131C	1
101301	YGR041W	YLR131C	1
126051	YHR143W	YLR131C	1
142287	YJL078C	YLR131C	1
154959	YJR147W	YLR131C	1
161889	YKL164C	YLR131C	1
163077	YKL185W	YLR131C	1
176145	YLR079W	YLR131C	1
183471	YLR286C	YLR131C	1
215547	YNL066W	YLR131C	1
216339	YNL078W	YLR131C	1
227823	YNL327W	YLR131C	1
230595	YNR067C	YLR131C	1
248811	YOR230W	YLR131C	1
250197	YOR264W	YLR131C	1
263661	YPL158C	YLR131C	1
28238	YCL064C	YLR098C	1
130208	YIL051C	YLR098C	1
186241	YLR336C	YLR014C	1
5070	YBL008W	YLR013W	1
15960	YBR072C	YLR013W	1
40908	YDL159W	YLR013W	1
242670	YOR072W	YLR013W	1
1505	YAL044C	YKR099W	1
3287	YAR015W	YKR099W	1
24077	YBR248C	YKR099W	1
27641	YCL030C	YKR099W	1
45461	YDR019C	YKR099W	1
61103	YDR408C	YKR099W	1
74765	YER061C	YKR099W	1
98327	YGL234W	YKR099W	1
102683	YGR061C	YKR099W	1
108821	YGR204W	YKR099W	1
132779	YIL116W	YKR099W	1
168221	YKR080W	YKR099W	1
174953	YLR058C	YKR099W	1
187823	YLR359W	YKR099W	1
204059	YMR120C	YKR099W	1
206237	YMR189W	YKR099W	1
212177	YMR300C	YKR099W	1
244253	YOR128C	YKR099W	1
247025	YOR184W	YKR099W	1
167626	YKR072C	YKR048C	1
155349	YJR152W	YKR034W	1
169208	YKR104W	YKL222C	1
20707	YBR162C	YKL185W	1
44467	YDL227C	YKL185W	1
56149	YDR309C	YKL185W	1
212569	YMR305C	YKL185W	1
225637	YNL300W	YKL185W	1
264049	YPL163C	YKL185W	1
63870	YDR476C	YKL112W	1
142476	YJL079C	YKL112W	1
189402	YLR396C	YKL112W	1
235140	YOL086C	YKL112W	1
6449	YBL030C	YKL109W	1
7241	YBL045C	YKL109W	1
7835	YBL059C	YKL109W	1
10607	YBL099W	YKL109W	1
13181	YBR039W	YKL109W	1
33773	YDL004W	YKL109W	1
36347	YDL067C	YKL109W	1
42089	YDL181W	YKL109W	1
50801	YDR148C	YKL109W	1
51989	YDR178W	YKL109W	1
55553	YDR298C	YKL109W	1
56543	YDR322C	YKL109W	1
59315	YDR377W	YKL109W	1
66443	YDR529C	YKL109W	1
67631	YEL024W	YKL109W	1
82481	YFL030W	YKL109W	1
84065	YFR011C	YKL109W	1
86243	YFR033C	YKL109W	1
86639	YFR049W	YKL109W	1
95945	YGL187C	YKL109W	1
96539	YGL191W	YKL109W	1
107627	YGR174C	YKL109W	1
108023	YGR183C	YKL109W	1
117131	YHR001W	YKL109W	1
121289	YHR051W	YKL109W	1
143663	YJL103C	YKL109W	1
149999	YJR048W	YKL109W	-1
150593	YJR077C	YKL109W	1
151187	YJR080C	YKL109W	1
153959	YJR121W	YKL109W	1
155939	YKL006C	YKL109W	1
156929	YKL016C	YKL109W	1
159899	YKL137W	YKL109W	1
160097	YKL141W	YKL109W	1
160493	YKL148C	YKL109W	1
160691	YKL150W	YKL109W	1
166235	YKR016W	YKL109W	1
170987	YLL041C	YKL109W	1
173363	YLR038C	YKL109W	1
184055	YLR295C	YKL109W	1
189203	YLR395C	YKL109W	1
191579	YML009C	YKL109W	1
195737	YML081C	YKL109W	1
195935	YML087C	YKL109W	1
196133	YML091C	YKL109W	1
197123	YML120C	YKL109W	1
210191	YMR256C	YKL109W	1
214943	YNL052W	YKL109W	1
217121	YNL100W	YKL109W	1
228011	YNR001C	YKL109W	1
234743	YOL077W	YKL109W	1
242267	YOR064C	YKL109W	1
242465	YOR065W	YKL109W	1
260285	YPL078C	YKL109W	1
265235	YPL189C	YKL109W	1
268601	YPL271W	YKL109W	1
269987	YPR020W	YKL109W	1
275333	YPR191W	YKL109W	1
64462	YDR492W	YKL062W	-1
120100	YHR035W	YKL062W	-1
272956	YPR124W	YKL062W	1
57333	YDR342C	YKL038W	1
123069	YHR092C	YKL038W	1
123267	YHR094C	YKL038W	-1
199299	YMR011W	YKL038W	1
6446	YBL030C	YKL032C	-1
71192	YER011W	YKL032C	1
123464	YHR096C	YKL032C	1
168014	YKR075C	YKL032C	1
263450	YPL156C	YKL032C	1
120295	YHR037W	YKL015W	1
252163	YOR306C	YKL015W	1
151182	YJR080C	YJR144W	1
100493	YGR032W	YJR060W	-1
170189	YLL019C	YJR060W	-1
178505	YLR142W	YJR060W	-1
267407	YPL250C	YJR060W	-1
109204	YGR210C	YJR046W	1
1689	YAL048C	YJL127C	1
31389	YCR068W	YJL127C	1
38517	YDL109C	YJL127C	1
97521	YGL211W	YJL127C	1
99501	YGR006W	YJL127C	1
158505	YKL095W	YJL127C	1
174345	YLR047C	YJL127C	1
200877	YMR063W	YJL127C	1
242852	YOR074C	YJL115W	1
23071	YBR208C	YJL110C	-1
69799	YEL063C	YJL110C	-1
81679	YFL021W	YJL110C	-1
105241	YGR121C	YJL110C	-1
137713	YIR032C	YJL110C	-1
166423	YKR034W	YJL110C	-1
166819	YKR039W	YJL110C	-1
218893	YNL142W	YJL110C	-1
254533	YOR348C	YJL110C	-1
26832	YCL014W	YJL092W	1
50592	YDR146C	YJL092W	1
255720	YOR372C	YJL092W	1
184835	YLR307C	YJL089W	1
69598	YEL060C	YJL056C	-1
98902	YGL255W	YJL056C	1
99100	YGL256W	YJL056C	1
99298	YGL258W	YJL056C	1
162262	YKL175W	YJL056C	1
177904	YLR130C	YJL056C	1
223444	YNL254C	YJL056C	1
238492	YOL154W	YJL056C	1
257896	YOR387C	YJL056C	1
64449	YDR492W	YIR033W	1
90189	YGL055W	YIR033W	1
148203	YJL196C	YIR033W	1
153747	YJR116W	YIR033W	1
189783	YLR413W	YIR033W	1
199089	YMR006C	YIR033W	1
209385	YMR246W	YIR033W	1
235719	YOL101C	YIR033W	1
246411	YOR175C	YIR033W	1
256509	YOR377W	YIR033W	1
99890	YGR019W	YIR023W	-1
137510	YIR031C	YIR023W	-1
137708	YIR032C	YIR023W	-1
155330	YJR152W	YIR023W	-1
166418	YKR034W	YIR023W	-1
8413	YBL071W	YIR018W	-1
14947	YBR056W	YIR018W	1
22867	YBR204C	YIR018W	1
31975	YCR091W	YIR018W	1
43855	YDL216C	YIR018W	1
44647	YDL238C	YIR018W	1
48607	YDR074W	YIR018W	1
49993	YDR129C	YIR018W	1
54151	YDR255C	YIR018W	1
58309	YDR358W	YIR018W	1
65833	YDR516C	YIR018W	1
67021	YEL011W	YIR018W	1
74545	YER059W	YIR018W	1
84643	YFR015C	YIR018W	1
108601	YGR194C	YIR018W	1
114343	YHL021C	YIR018W	1
118105	YHR016C	YIR018W	1
126817	YHR171W	YIR018W	1
146221	YJL164C	YIR018W	1
152359	YJR097W	YIR018W	-1
169585	YLL006W	YIR018W	1
211363	YMR278W	YIR018W	1
222451	YNL223W	YIR018W	1
235321	YOL087C	YIR018W	1
235519	YOL096C	YIR018W	1
236113	YOL117W	YIR018W	1
240271	YOR022C	YIR018W	1
241063	YOR035C	YIR018W	1
254329	YOR347C	YIR018W	1
257695	YOR386W	YIR018W	1
262051	YPL123C	YIR018W	1
264229	YPL166W	YIR018W	1
265813	YPL191C	YIR018W	1
266407	YPL203W	YIR018W	1
266605	YPL224C	YIR018W	1
271159	YPR047W	YIR018W	1
274327	YPR160W	YIR018W	1
155526	YKL001C	YIR017C	1
274524	YPR167C	YIR017C	1
50585	YDR146C	YIL131C	-1
126023	YHR143W	YIL131C	-1
183443	YLR286C	YIL131C	-1
207797	YMR215W	YIL131C	-1
262643	YPL141C	YIL131C	-1
270365	YPR035W	YIL131C	1
272741	YPR119W	YIL131C	-1
38902	YDL116W	YIL128W	1
206409	YMR192W	YIL101C	1
241850	YOR060C	YIL084C	1
203041	YMR102C	YIL056W	1
23850	YBR244W	YHR206W	1
42264	YDL182W	YHR206W	1
62658	YDR453C	YHR206W	1
89784	YGL038C	YHR206W	1
142452	YJL079C	YHR206W	1
144036	YJL116C	YHR206W	1
152550	YJR104C	YHR206W	1
158886	YKL096W	YHR206W	1
167004	YKR042W	YHR206W	1
212544	YMR305C	YHR206W	1
254520	YOR348C	YHR206W	1
25433	YBR264C	YHR191C	1
52559	YDR201W	YHR191C	1
55925	YDR308C	YHR191C	1
204227	YMR138W	YHR191C	1
259667	YPL046C	YHR191C	1
68596	YEL041W	YHR178W	-1
224224	YNL274C	YHR178W	-1
41469	YDL173W	YHR146W	1
223034	YNL244C	YHR143W	1
247784	YOR210W	YHR143W	1
5629	YBL016W	YHR084W	1
16915	YBR083W	YHR084W	1
27409	YCL027W	YHR084W	1
28003	YCL055W	YHR084W	1
29191	YCR018C	YHR084W	1
49189	YDR085C	YHR084W	1
63049	YDR461W	YHR084W	1
82057	YFL026W	YHR084W	1
83245	YFL047W	YHR084W	1
89383	YGL032C	YHR084W	1
96709	YGL192W	YHR084W	-1
99679	YGR014W	YHR084W	1
101659	YGR044C	YHR084W	1
117301	YHR005C	YHR084W	1
132943	YIL117C	YHR084W	1
145615	YJL157C	YHR084W	1
162445	YKL178C	YHR084W	1
173533	YLR040C	YHR084W	1
173731	YLR042C	YHR084W	1
182641	YLR265C	YHR084W	1
190759	YLR452C	YHR084W	1
216301	YNL078W	YHR084W	1
219073	YNL145W	YHR084W	1
247981	YOR212W	YHR084W	1
27210	YCL025C	YHR006W	1
232140	YOL020W	YHR006W	1
213329	YMR319C	YHL027W	1
65026	YDR497C	YHL020C	-1
70768	YEL073C	YHL020C	-1
145414	YJL153C	YHL020C	-1
150364	YJR073C	YHL020C	-1
112743	YGR270W	YGR186W	1
271737	YPR088C	YGR186W	1
211742	YMR290C	YGR159C	1
217484	YNL112W	YGR159C	1
119869	YHR030C	YGR097W	1
24828	YBR254C	YGR063C	1
169962	YLL014W	YGR063C	1
166595	YKR035W	YGR005C	1
260842	YPL092W	YGL254W	1
157287	YKL041W	YGL244W	1
110360	YGR234W	YGL237C	1
121250	YHR051W	YGL237C	1
149960	YJR048W	YGL237C	-1
196094	YML091C	YGL237C	1
227972	YNR001C	YGL237C	1
256088	YOR375C	YGL237C	1
135505	YIL162W	YGL209W	1
94914	YGL173C	YGL197W	1
49373	YDR103W	YGL192W	-1
151343	YJR086W	YGL192W	-1
182627	YLR265C	YGL192W	-1
5416	YBL013W	YGL175C	1
8980	YBL074C	YGL175C	1
70954	YEL076C	YGL175C	1
114118	YHL018W	YGL175C	1
150154	YJR053W	YGL175C	1
193318	YML037C	YGL175C	1
200842	YMR063W	YGL175C	1
203812	YMR117C	YGL175C	1
152529	YJR104C	YGL166W	-1
92930	YGL137W	YGL105W	1
98672	YGL245W	YGL105W	1
108176	YGR185C	YGL105W	1
115700	YHL034C	YGL105W	1
202622	YMR099C	YGL105W	1
67	YAL005C	YGL073W	1
9175	YBL075C	YGL073W	1
14719	YBR054W	YGL073W	1
16105	YBR072W	YGL073W	1
16699	YBR082C	YGL073W	1
18283	YBR101C	YGL073W	1
20857	YBR169C	YGL073W	1
27787	YCL050C	YGL073W	1
29569	YCR021C	YGL073W	1
51349	YDR171W	YGL073W	1
52735	YDR214W	YGL073W	1
54517	YDR258C	YGL073W	1
58279	YDR358W	YGL073W	1
78079	YER103W	YGL073W	1
81445	YFL016C	YGL073W	1
89563	YGL037C	YGL073W	1
105601	YGR127W	YGL073W	1
105997	YGR136W	YGL073W	1
106591	YGR142W	YGL073W	1
109363	YGR211W	YGL073W	1
111739	YGR250C	YGL073W	1
121045	YHR049W	YGL073W	1
122629	YHR087W	YGL073W	1
123619	YHR104W	YGL073W	1
139459	YJL034W	YGL073W	1
145003	YJL144W	YGL073W	1
149557	YJR045C	YGL073W	1
170347	YLL024C	YGL073W	1
170545	YLL026W	YGL073W	1
170743	YLL039C	YGL073W	1
175297	YLR064W	YGL073W	1
181237	YLR216C	YGL073W	1
182029	YLR259C	YGL073W	1
185791	YLR327C	YGL073W	1
196681	YML100W	YGL073W	1
197869	YML130C	YGL073W	1
205987	YMR186W	YGL073W	1
213907	YNL007C	YGL073W	1
215095	YNL064C	YGL073W	1
216085	YNL077W	YGL073W	1
224797	YNL281W	YGL073W	1
232915	YOL032W	YGL073W	1
239647	YOR007C	YGL073W	1
240043	YOR020C	YGL073W	1
240637	YOR027W	YGL073W	1
261427	YPL106C	YGL073W	1
266971	YPL240C	YGL073W	1
273901	YPR154W	YGL073W	1
274099	YPR158W	YGL073W	1
55110	YDR264C	YGL071W	1
55308	YDR270W	YGL071W	1
69960	YEL065W	YGL071W	1
79662	YER145C	YGL071W	1
83028	YFL041W	YGL071W	1
115896	YHL035C	YGL071W	1
116292	YHL040C	YGL071W	1
116490	YHL047C	YGL071W	1
165198	YKL220C	YGL071W	1
171534	YLL051C	YGL071W	1
173118	YLR034C	YGL071W	1
178266	YLR136C	YGL071W	1
181038	YLR214W	YGL071W	1
200442	YMR058W	YGL071W	1
209748	YMR251W	YGL071W	1
239052	YOL158C	YGL071W	1
256674	YOR381W	YGL071W	1
256872	YOR382W	YGL071W	1
257070	YOR383C	YGL071W	1
257268	YOR384W	YGL071W	1
11549	YBR018C	YGL035C	1
11747	YBR019C	YGL035C	1
36695	YDL079C	YGL035C	1
44813	YDR009W	YGL035C	1
70157	YEL070W	YGL035C	1
176285	YLR081W	YGL035C	1
194105	YML051W	YGL035C	1
122428	YHR079C	YGL033W	1
39861	YDL130W	YGL013C	-1
44217	YDL223C	YGL013C	-1
54711	YDR259C	YGL013C	-1
55701	YDR300C	YGL013C	1
93915	YGL156W	YGL013C	-1
94707	YGL171W	YGL013C	1
100845	YGR035C	YGL013C	1
129159	YIL020C	YGL013C	1
129357	YIL033C	YGL013C	-1
138069	YIR038C	YGL013C	-1
138861	YJL020C	YGL013C	-1
145989	YJL161W	YGL013C	-1
160839	YKL151C	YGL013C	-1
179451	YLR178C	YGL013C	-1
182817	YLR267W	YGL013C	-1
187569	YLR356W	YGL013C	-1
217665	YNL115C	YGL013C	-1
218457	YNL134C	YGL013C	-1
218655	YNL141W	YGL013C	1
222615	YNL231C	YGL013C	1
241425	YOR051C	YGL013C	1
244989	YOR152C	YGL013C	-1
247167	YOR185C	YGL013C	-1
263205	YPL154C	YGL013C	-1
270135	YPR026W	YGL013C	-1
274887	YPR184W	YGL013C	-1
7388	YBL051C	YFR037C	1
47978	YDR054C	YFR037C	1
97676	YGL222C	YFR037C	1
136682	YIR010W	YFR037C	1
140444	YJL044C	YFR037C	1
230138	YNR051C	YFR037C	1
274688	YPR173C	YFR037C	1
15307	YBR067C	YFR034C	1
18079	YBR093C	YFR034C	-1
125197	YHR137W	YFR034C	1
258847	YPL018W	YFR034C	-1
107178	YGR150C	YFL036W	1
210336	YMR257C	YFL036W	1
254688	YOR354C	YFL036W	1
851	YAL023C	YFL031W	1
139451	YJL034W	YFL031W	1
162023	YKL165C	YFL031W	1
253301	YOR321W	YFL031W	1
166774	YKR039W	YFL021W	-1
152913	YJR106W	YER184C	1
201621	YMR084W	YER184C	1
202017	YMR094W	YER184C	1
106382	YGR138C	YER130C	1
6589	YBL031W	YER111C	1
31141	YCR065W	YER111C	1
33517	YDL003W	YER111C	1
39457	YDL127W	YER111C	1
43417	YDL211C	YER111C	1
56089	YDR309C	YER111C	1
62425	YDR451C	YER111C	1
68365	YEL040W	YER111C	1
75493	YER070W	YER111C	1
104401	YGR109C	YER111C	1
109945	YGR221C	YER111C	1
121627	YHR061C	YER111C	1
126181	YHR149C	YER111C	1
133309	YIL123W	YER111C	1
144199	YJL118W	YER111C	1
145783	YJL158C	YER111C	1
147169	YJL187C	YER111C	1
157465	YKL042W	YER111C	1
165979	YKR013W	YER111C	1
176473	YLR084C	YER111C	1
184195	YLR300W	YER111C	1
192709	YML027W	YER111C	1
207163	YMR199W	YER111C	1
212707	YMR307W	YER111C	1
224983	YNL283C	YER111C	1
225379	YNL289W	YER111C	1
225577	YNL300W	YER111C	1
228349	YNR009W	YER111C	1
231517	YOL007C	YER111C	1
231913	YOL019W	YER111C	1
238843	YOL156W	YER111C	-1
249337	YOR247W	YER111C	1
263989	YPL163C	YER111C	1
267553	YPL255W	YER111C	1
267751	YPL256C	YER111C	1
3816	YAR050W	YER109C	-1
128556	YIL011W	YER109C	-1
137070	YIR019C	YER109C	-1
250722	YOR273C	YER109C	-1
15695	YBR069C	YER064C	1
119644	YHR029C	YER040W	-1
268144	YPL265W	YER040W	1
57471	YDR345C	YER028C	1
94101	YGL157W	YER028C	1
97269	YGL209W	YER028C	1
123207	YHR094C	YER028C	1
34502	YDL029W	YEL056W	1
69152	YEL052W	YEL056W	1
9355	YBL076C	YEL009C	1
10741	YBL102W	YEL009C	1
10939	YBL103C	YEL009C	1
12721	YBR035C	YEL009C	1
13513	YBR043C	YEL009C	1
13909	YBR046C	YEL009C	1
14107	YBR047W	YEL009C	1
18463	YBR104W	YEL009C	1
19453	YBR145W	YEL009C	1
19849	YBR147W	YEL009C	1
23413	YBR218C	YEL009C	1
24007	YBR248C	YEL009C	1
24205	YBR249C	YEL009C	1
24997	YBR256C	YEL009C	1
26581	YCL009C	YEL009C	1
27571	YCL030C	YEL009C	1
29749	YCR023C	YEL009C	1
30937	YCR053W	YEL009C	1
34303	YDL025C	YEL009C	1
35095	YDL054C	YEL009C	1
36085	YDL066W	YEL009C	1
41233	YDL170W	YEL009C	1
41827	YDL180W	YEL009C	1
42223	YDL182W	YEL009C	1
43015	YDL198C	YEL009C	1
46183	YDR035W	YEL009C	1
49747	YDR127W	YEL009C	1
50935	YDR158W	YEL009C	1
57073	YDR341C	YEL009C	1
58063	YDR354W	YEL009C	1
64003	YDR481C	YEL009C	1
64201	YDR487C	YEL009C	1
68755	YEL046C	YEL009C	1
69745	YEL063C	YEL009C	1
72319	YER040W	YEL009C	1
73309	YER052C	YEL009C	1
73903	YER055C	YEL009C	1
75289	YER069W	YEL009C	1
75883	YER073W	YEL009C	1
76675	YER086W	YEL009C	1
77071	YER090W	YEL009C	1
80437	YER175C	YEL009C	1
82219	YFL028C	YEL009C	1
85189	YFR025C	YEL009C	1
87169	YFR055W	YEL009C	1
87565	YGL009C	YEL009C	1
88555	YGL026C	YEL009C	1
90337	YGL059W	YEL009C	1
91921	YGL117W	YEL009C	1
92317	YGL125W	YEL009C	1
93703	YGL148W	YEL009C	1
95089	YGL180W	YEL009C	1
95485	YGL184C	YEL009C	1
95683	YGL186C	YEL009C	1
96871	YGL202W	YEL009C	1
97861	YGL224C	YEL009C	1
105385	YGR124W	YEL009C	1
108157	YGR185C	YEL009C	1
110731	YGR239C	YEL009C	1
112513	YGR267C	YEL009C	1
118255	YHR018C	YEL009C	1
118453	YHR019C	YEL009C	1
118651	YHR020W	YEL009C	1
119047	YHR024C	YEL009C	1
119245	YHR025W	YEL009C	1
119641	YHR029C	YEL009C	1
122017	YHR071W	YEL009C	1
124393	YHR122W	YEL009C	1
126373	YHR161C	YEL009C	1
126571	YHR162W	YEL009C	1
128155	YHR208W	YEL009C	1
130729	YIL056W	YEL009C	1
132115	YIL094C	YEL009C	1
132709	YIL116W	YEL009C	1
135679	YIL164C	YEL009C	1
135877	YIL165C	YEL009C	1
137857	YIR034C	YEL009C	1
141817	YJL071W	YEL009C	1
142015	YJL072C	YEL009C	1
142609	YJL088W	YEL009C	1
148351	YJL200C	YEL009C	1
148945	YJR016C	YEL009C	1
149341	YJR025C	YEL009C	1
153103	YJR109C	YEL009C	1
153301	YJR111C	YEL009C	1
154291	YJR130C	YEL009C	1
156667	YKL015W	YEL009C	1
159637	YKL120W	YEL009C	1
164587	YKL211C	YEL009C	1
164983	YKL218C	YEL009C	1
172705	YLR027C	YEL009C	1
178843	YLR152C	YEL009C	1
187357	YLR355C	YEL009C	1
196861	YML116W	YEL009C	1
199435	YMR019W	YEL009C	1
200623	YMR062C	YEL009C	1
202207	YMR095C	YEL009C	1
202405	YMR096W	YEL009C	1
203395	YMR108W	YEL009C	1
206761	YMR195W	YEL009C	1
217255	YNL104C	YEL009C	1
222007	YNL220W	YEL009C	1
222799	YNL240C	YEL009C	1
226957	YNL311C	YEL009C	1
229927	YNR050C	YEL009C	1
230719	YNR068C	YEL009C	1
230917	YNR069C	YEL009C	1
234283	YOL058W	YEL009C	1
234481	YOL064C	YEL009C	1
236263	YOL119C	YEL009C	1
237649	YOL140W	YEL009C	1
243589	YOR108W	YEL009C	1
244381	YOR130C	YEL009C	1
246955	YOR184W	YEL009C	1
247351	YOR201C	YEL009C	1
247549	YOR202W	YEL009C	1
248341	YOR222W	YEL009C	1
251707	YOR302W	YEL009C	1
251905	YOR303W	YEL009C	1
253489	YOR323C	YEL009C	1
253687	YOR337W	YEL009C	1
260815	YPL092W	YEL009C	1
264973	YPL188W	YEL009C	1
267349	YPL250C	YEL009C	1
267943	YPL264C	YEL009C	1
268933	YPL273W	YEL009C	1
271309	YPR058W	YEL009C	1
272497	YPR111W	YEL009C	1
273487	YPR145W	YEL009C	1
274477	YPR167C	YEL009C	1
4800	YBL007C	YDR477W	1
15491	YBR068C	YDR463W	1
27173	YCL025C	YDR463W	-1
47567	YDR046C	YDR463W	1
63010	YDR461W	YDR451C	-1
82018	YFL026W	YDR451C	-1
89344	YGL032C	YDR451C	-1
116272	YHL040C	YDR451C	-1
146764	YJL170C	YDR451C	-1
164188	YKL209C	YDR451C	-1
219034	YNL145W	YDR451C	-1
219232	YNL146C	YDR451C	-1
18657	YBR117C	YDR423C	-1
44001	YDL222C	YDR423C	-1
101421	YGR043C	YDR423C	-1
195273	YML070W	YDR423C	-1
197649	YML128C	YDR423C	-1
205371	YMR169C	YDR423C	-1
245565	YOR161C	YDR423C	-1
59642	YDR380W	YDR421W	1
125180	YHR137W	YDR421W	1
62809	YDR460W	YDR392W	1
82806	YFL038C	YDR328C	1
32315	YCR101C	YDR314C	1
98447	YGL240W	YDR314C	1
123791	YHR105W	YDR314C	1
256253	YOR376W	YDR314C	1
436	YAL018C	YDR310C	-1
13306	YBR040W	YDR310C	-1
16276	YBR076W	YDR310C	-1
21424	YBR180W	YDR310C	-1
24394	YBR250W	YDR310C	-1
38650	YDL114W	YDR310C	-1
52906	YDR218C	YDR310C	-1
56272	YDR317W	YDR310C	-1
60628	YDR402C	YDR310C	-1
65974	YDR522C	YDR310C	-1
66172	YDR523C	YDR310C	-1
76468	YER085C	YDR310C	-1
78250	YER106W	YDR310C	-1
80824	YFL011W	YDR310C	-1
81022	YFL012W	YDR310C	-1
84190	YFR012W	YDR310C	-1
84388	YFR012W	YDR310C	-1
84784	YFR023W	YDR310C	-1
87358	YFR057W	YDR310C	-1
88150	YGL015C	YDR310C	-1
93100	YGL138C	YDR310C	-1
94486	YGL170C	YDR310C	-1
102406	YGR059W	YDR310C	-1
112306	YGR260W	YDR310C	-1
112900	YGR273C	YDR310C	-1
117850	YHR015W	YDR310C	-1
124780	YHR126C	YDR310C	-1
127156	YHR184W	YDR310C	-1
127354	YHR185C	YDR310C	-1
128344	YHR214C-D	YDR310C	-1
129532	YIL037C	YDR310C	-1
137254	YIR027C	YDR310C	-1
139828	YJL037W	YDR310C	-1
140026	YJL038C	YDR310C	-1
140224	YJL043W	YDR310C	-1
149332	YJR025C	YDR310C	-1
150718	YJR078W	YDR310C	-1
150916	YJR079W	YDR310C	-1
165370	YKL221W	YDR310C	-1
169330	YLL005C	YDR310C	-1
184972	YLR307W	YDR310C	-1
185170	YLR308W	YDR310C	-1
186754	YLR343W	YDR310C	-1
195070	YML066C	YDR310C	-1
208534	YMR232W	YDR310C	-1
209128	YMR244W	YDR310C	-1
218236	YNL128W	YDR310C	-1
221602	YNL204C	YDR310C	-1
227542	YNL318C	YDR310C	-1
232294	YOL024W	YDR310C	-1
233878	YOL047C	YDR310C	-1
237442	YOL132W	YDR310C	-1
248134	YOR214C	YDR310C	-1
249520	YOR255W	YDR310C	-1
255262	YOR365C	YDR310C	-1
259222	YPL027W	YDR310C	-1
259420	YPL033C	YDR310C	-1
262192	YPL130W	YDR310C	-1
6771	YBL038W	YDR296W	1
9939	YBL090W	YDR296W	1
13701	YBR044C	YDR296W	1
19641	YBR146W	YDR296W	1
24591	YBR251W	YDR296W	1
25779	YBR282W	YDR296W	1
30333	YCR046C	YDR296W	1
31521	YCR071C	YDR296W	1
43203	YDL202W	YDR296W	1
47163	YDR041W	YDR296W	1
49539	YDR116C	YDR296W	1
51519	YDR175C	YDR296W	1
53697	YDR237W	YDR296W	1
56667	YDR322W	YDR296W	1
56865	YDR337W	YDR296W	1
57657	YDR347W	YDR296W	1
59043	YDR375C	YDR296W	1
63201	YDR462W	YDR296W	1
64587	YDR493W	YDR296W	1
64785	YDR494W	YDR296W	1
68943	YEL050C	YDR296W	1
74289	YER058W	YDR296W	1
76863	YER087W	YDR296W	1
90525	YGL068W	YDR296W	1
92505	YGL129C	YDR296W	1
93297	YGL143C	YDR296W	1
100029	YGR021W	YDR296W	1
102999	YGR076C	YDR296W	1
103197	YGR084C	YDR296W	1
104583	YGR112W	YDR296W	1
109731	YGR220C	YDR296W	1
120423	YHR038W	YDR296W	1
121413	YHR059W	YDR296W	1
124185	YHR116W	YDR296W	1
131907	YIL093C	YDR296W	1
132303	YIL098C	YDR296W	1
134877	YIL157C	YDR296W	1
141609	YJL063C	YDR296W	1
153489	YJR113C	YDR296W	1
155667	YKL003C	YDR296W	1
157647	YKL053C	YDR296W	1
158241	YKL087C	YDR296W	1
163587	YKL195W	YDR296W	1
165567	YKR006C	YDR296W	1
169725	YLL009C	YDR296W	1
175467	YLR069C	YDR296W	1
181605	YLR239C	YDR296W	1
185367	YLR312W	YDR296W	1
192099	YML025C	YDR296W	1
192891	YML030W	YDR296W	1
204969	YMR158W	YDR296W	1
213681	YNL005C	YDR296W	1
220215	YNL177C	YDR296W	1
220611	YNL185C	YDR296W	1
223185	YNL252C	YDR296W	1
225165	YNL284C	YDR296W	1
226749	YNL306W	YDR296W	1
227343	YNL315C	YDR296W	1
228729	YNR022C	YDR296W	1
228927	YNR037C	YDR296W	1
229125	YNR040W	YDR296W	1
233085	YOL033W	YDR296W	1
245361	YOR158W	YDR296W	1
261201	YPL104W	YDR296W	1
264369	YPL173W	YDR296W	1
271101	YPR047W	YDR296W	1
22610	YBR203W	YDR277C	1
3997	YAR071W	YDR253C	-1
26173	YBR296C	YDR253C	-1
75673	YER072W	YDR253C	-1
124975	YHR136C	YDR253C	-1
259021	YPL019C	YDR253C	-1
4590	YBL003C	YDR225W	1
53100	YDR224C	YDR225W	1
11321	YBR010W	YDR224C	1
53297	YDR225W	YDR224C	1
1816	YAL054C	YDR216W	1
28744	YCR010C	YDR216W	1
37654	YDL085W	YDR216W	1
43594	YDL214C	YDR216W	1
54286	YDR256C	YDR216W	1
71512	YER015W	YDR216W	1
73690	YER054C	YDR216W	1
82402	YFL030W	YDR216W	1
97054	YGL205W	YDR216W	1
110518	YGR236C	YDR216W	1
111112	YGR243W	YDR216W	1
114478	YHL024W	YDR216W	1
115072	YHL032C	YDR216W	1
121804	YHR068W	YDR216W	-1
130912	YIL057C	YDR216W	1
133882	YIL136W	YDR216W	1
134674	YIL155C	YDR216W	1
135268	YIL160C	YDR216W	1
140614	YJL045W	YDR216W	1
149128	YJR019C	YDR216W	1
151900	YJR095W	YDR216W	1
163186	YKL187C	YDR216W	1
163384	YKL188C	YDR216W	1
164770	YKL217W	YDR216W	1
165760	YKR009C	YDR216W	1
175660	YLR070C	YDR216W	1
179224	YLR174W	YDR216W	1
183184	YLR284C	YDR216W	1
188332	YLR377C	YDR216W	1
190114	YLR438W	YDR216W	1
193480	YML042W	YDR216W	1
194470	YML054C	YDR216W	1
203182	YMR107W	YDR216W	1
205756	YMR175W	YDR216W	1
212290	YMR303C	YDR216W	1
213478	YMR322C	YDR216W	1
214072	YNL009W	YDR216W	1
214270	YNL014W	YDR216W	1
221002	YNL195C	YDR216W	1
221398	YNL202W	YDR216W	1
228130	YNR002C	YDR216W	1
234862	YOL084W	YDR216W	1
237832	YOL147C	YDR216W	1
246742	YOR180C	YDR216W	1
254464	YOR348C	YDR216W	1
255850	YOR374W	YDR216W	1
258028	YOR388C	YDR216W	1
261790	YPL113C	YDR216W	1
262978	YPL147W	YDR216W	1
265948	YPL200W	YDR216W	1
266146	YPL201C	YDR216W	1
269314	YPR001W	YDR216W	1
269710	YPR006C	YDR216W	1
273670	YPR151C	YDR216W	1
275452	YPR193C	YDR216W	1
2607	YAL068C	YDR213W	1
136059	YIL176C	YDR213W	1
143781	YJL105W	YDR213W	1
155067	YJR150C	YDR213W	1
239811	YOR009W	YDR213W	1
249117	YOR237W	YDR213W	1
268719	YPL272C	YDR213W	1
58838	YDR374C	YDR207C	-1
61610	YDR446W	YDR207C	-1
73094	YER044C	YDR207C	-1
77648	YER096W	YDR207C	-1
80618	YER179W	YDR207C	-1
95270	YGL183C	YDR207C	-1
117644	YHR014W	YDR207C	-1
122396	YHR079C	YDR207C	-1
142790	YJL089W	YDR207C	-1
145364	YJL153C	YDR207C	-1
171302	YLL046C	YDR207C	-1
202784	YMR101C	YDR207C	-1
235850	YOL104C	YDR207C	-1
237236	YOL131W	YDR207C	-1
253868	YOR338W	YDR207C	-1
258620	YPL017C	YDR207C	-1
218029	YNL118C	YDR176W	1
39432	YDL127W	YDR146C	-1
44382	YDL227C	YDR146C	-1
112098	YGR254W	YDR146C	1
128730	YIL015W	YDR146C	-1
147936	YJL194W	YDR146C	-1
12305	YBR029C	YDR123C	1
21215	YBR177C	YDR123C	1
64973	YDR497C	YDR123C	1
65369	YDR502C	YDR123C	1
71903	YER026C	YDR123C	1
72695	YER043C	YDR123C	1
91109	YGL077C	YDR123C	1
124571	YHR123W	YDR123C	1
150311	YJR073C	YDR123C	1
152687	YJR105W	YDR123C	1
162785	YKL182W	YDR123C	1
214661	YNL044W	YDR123C	1
220007	YNL169C	YDR123C	1
228521	YNR016C	YDR123C	1
229313	YNR041C	YDR123C	1
266735	YPL231W	YDR123C	1
10324	YBL097W	YDR076W	1
215253	YNL065W	YDR043C	-1
230301	YNR060W	YDR043C	-1
254853	YOR360C	YDR043C	-1
22400	YBR196C	YDL185W	1
40418	YDL145C	YDL185W	1
50318	YDR141C	YDL185W	1
122192	YHR074W	YDL185W	1
132488	YIL109C	YDL185W	1
161198	YKL157W	YDL185W	1
207332	YMR205C	YDL185W	1
210698	YMR261C	YDL185W	1
250298	YOR270C	YDL185W	1
99817	YGR019W	YDL170W	-1
42792	YDL195W	YDL140C	1
136446	YIR006C	YDL140C	1
3191	YAR015W	YDL106C	1
18041	YBR093C	YDL106C	1
27545	YCL030C	YDL106C	1
98231	YGL234W	YDL106C	1
124961	YHR136C	YDL106C	1
197231	YML123C	YDL106C	1
203963	YMR120C	YDL106C	1
244157	YOR128C	YDL106C	1
259007	YPL019C	YDL106C	1
273262	YPR143W	YDL070W	1
5169	YBL009W	YDL056W	-1
17643	YBR088C	YDL056W	-1
33483	YDL003W	YDL056W	-1
38235	YDL101C	YDL056W	-1
65559	YDR507C	YDL056W	-1
75459	YER070W	YDL056W	-1
78825	YER124C	YDL056W	1
134067	YIL140W	YDL056W	-1
159213	YKL113C	YDL056W	-1
177033	YLR103C	YDL056W	-1
227127	YNL312W	YDL056W	-1
243759	YOR114W	YDL056W	-1
263955	YPL163C	YDL056W	-1
268311	YPL267W	YDL056W	-1
5762	YBL022C	YDL020C	1
6950	YBL041W	YDL020C	1
7544	YBL058W	YDL020C	1
15068	YBR062C	YDL020C	1
21008	YBR173C	YDL020C	1
27938	YCL055W	YDL020C	1
28532	YCR005C	YDL020C	-1
31700	YCR082W	YDL020C	1
33878	YDL007W	YDL020C	1
37838	YDL097C	YDL020C	1
38036	YDL100C	YDL020C	1
39224	YDL126C	YDL020C	1
40214	YDL143W	YDL020C	1
40610	YDL147W	YDL020C	1
51104	YDR168W	YDL020C	1
58430	YDR363W	YDL020C	1
60410	YDR394W	YDL020C	1
61400	YDR427W	YDL020C	1
67934	YEL037C	YDL020C	1
71300	YER012W	YDL020C	1
71696	YER021W	YDL020C	1
77438	YER094C	YDL020C	1
79220	YER142C	YDL020C	1
79418	YER143W	YDL020C	1
83378	YFR003C	YDL020C	1
83576	YFR004W	YDL020C	1
83774	YFR010W	YDL020C	1
84962	YFR024C	YDL020C	1
86744	YFR050C	YDL020C	1
86942	YFR052W	YDL020C	1
87734	YGL011C	YDL020C	1
87932	YGL013C	YDL020C	1
89912	YGL048C	YDL020C	1
94862	YGL173C	YDL020C	1
101792	YGR048W	YDL020C	1
105752	YGR135W	YDL020C	1
110108	YGR231C	YDL020C	1
111890	YGR253C	YDL020C	1
113078	YGR276C	YDL020C	1
114860	YHL030W	YDL020C	1
119414	YHR027C	YDL020C	1
127730	YHR200W	YDL020C	1
131690	YIL075C	YDL020C	1
134264	YIL142W	YDL020C	1
138224	YJL001W	YDL020C	1
138422	YJL008C	YDL020C	1
138620	YJL014W	YDL020C	1
139214	YJL031C	YDL020C	1
139610	YJL036W	YDL020C	1
156638	YKL015W	YDL020C	1
159410	YKL117W	YDL020C	1
160202	YKL145W	YDL020C	1
163568	YKL195W	YDL020C	1
163766	YKL196C	YDL020C	1
164360	YKL210W	YDL020C	1
188516	YLR387C	YDL020C	1
189902	YLR421C	YDL020C	1
191288	YML007W	YDL020C	1
193070	YML032C	YDL020C	1
193862	YML048W	YDL020C	1
196238	YML092C	YDL020C	1
198614	YMR004W	YDL020C	1
200990	YMR067C	YDL020C	1
211088	YMR276W	YDL020C	1
212870	YMR314W	YDL020C	1
219602	YNL155W	YDL020C	1
233264	YOL038W	YDL020C	1
239600	YOR007C	YDL020C	1
241580	YOR059C	YDL020C	1
243956	YOR117W	YDL020C	1
245144	YOR157C	YDL020C	1
249698	YOR259C	YDL020C	1
249896	YOR261C	YDL020C	1
255044	YOR362C	YDL020C	1
272072	YPR103W	YDL020C	1
272270	YPR108W	YDL020C	1
32689	YCR105W	YCR106W	1
32887	YCR107W	YCR106W	1
46351	YDR036C	YCR106W	1
46549	YDR037W	YCR106W	1
46747	YDR038C	YCR106W	1
66745	YDR539W	YCR106W	1
116443	YHL047C	YCR106W	1
116839	YHL048W	YCR106W	1
146341	YJL165C	YCR106W	1
146539	YJL166W	YCR106W	1
172081	YLL063C	YCR106W	1
28332	YCL066W	YCR097W	-1
62982	YDR461W	YCR097W	1
89316	YGL032C	YCR097W	1
128718	YIL015W	YCR097W	1
219006	YNL145W	YCR097W	1
219204	YNL146C	YCR097W	1
611	YAL021C	YCR084C	1
42785	YDL195W	YCR084C	1
265535	YPL190C	YCR084C	1
19222	YBR127C	YCR081W	1
144358	YJL127C	YCR081W	1
201382	YMR080C	YCR081W	1
240784	YOR030W	YCR081W	1
173859	YLR043C	YCR028C	1
2984	YAR010C	YCR018C	1
26942	YCL021W	YCR018C	1
113270	YGR295C	YCR018C	1
191084	YLR466C	YCR018C	1
32089	YCR097W	YCL066W	-1
91291	YGL089C	YCL066W	1
162373	YKL178C	YCL066W	1
173461	YLR040C	YCL066W	1
264739	YPL187W	YCL066W	1
13278	YBR040W	YCL055W	1
27336	YCL027W	YCL055W	1
193656	YML047C	YCL055W	1
224544	YNL279W	YCL055W	1
29315	YCR020C	YBR240C	1
106733	YGR144W	YBR240C	1
172469	YLR004C	YBR240C	1
181379	YLR237W	YBR240C	1
234047	YOL055C	YBR240C	1
157024	YKL032C	YBR112C	1
17829	YBR089C	YBR089C	1
2978	YAR010C	YBR083W	1
18026	YBR093C	YBR083W	-1
56240	YDR317W	YBR083W	1
67328	YEL021W	YBR083W	1
99602	YGR014W	YBR083W	1
100988	YGR040W	YBR083W	1
173654	YLR042C	YBR083W	1
20005	YBR149W	YBR026C	1
45943	YDR032C	YBR026C	1
70296	YEL071W	YBL103C	1
184542	YLR304C	YBL103C	1
214440	YNL037C	YBL103C	1
227904	YNR001C	YBL103C	1
244536	YOR136W	YBL103C	1
133457	YIL125W	YBL066C	1
153851	YJR121W	YBL066C	1
160385	YKL148C	YBL066C	1
121180	YHR051W	YBL021C	1
60789	YDR406W	YBL005W	1
100785	YGR035C	YBL005W	1
176817	YLR099C	YBL005W	1
187113	YLR346C	YBL005W	1
202953	YMR102C	YBL005W	1
222555	YNL231C	YBL005W	1
241167	YOR049C	YBL005W	1
4160	YBL002W	YBL003C	1
11090	YBR009C	YBL003C	1
4357	YBL003C	YBL002W	1
231264	YOL002C	YAL051W	1
